prediction_id	chromosome_1	strand_1	position_1	chromosome_2	strand_2	position_2
1	1	-	4669433	3	-	135016645
2	1	+	4669668	3	+	135017126
3	1	+	6123459	1	-	6124593
4	1	-	51906579	1	+	52146887
5	1	-	89695552	1	-	89802754
6	1	+	89796926	1	+	89833581
7	1	+	110031579	20	-	56677918
8	1	-	112059501	6	-	62843359
9	1	+	112059889	11	-	71137655
10	1	-	117861540	11	-	69877193
11	1	-	149159824	8	+	99902630
12	1	-	151725840	1	-	151727713
13	1	+	151727715	1	-	151728390
14	1	-	155819393	1	+	155898592
15	1	-	157531821	1	-	157538925
16	1	+	157573437	1	+	157574468
17	1	-	173851195	1	+	173855756
18	1	+	174083471	1	+	174091125
19	1	-	181081067	11	+	94846298
20	1	-	182893923	1	+	182894086
21	1	+	189995553	1	-	190882746
22	1	+	212163591	1	-	212193979
23	1	-	224941290	5	-	111878552
24	1	+	224941457	5	-	111879300
25	1	+	226634520	5	-	113604504
26	1	+	246751931	1	-	246835126
27	2	+	37309573	2	-	37309686
28	2	+	97857335	8	+	78540930
29	2	+	98697347	8	-	93560171
30	2	-	98919326	2	+	98919477
31	2	-	98950715	8	+	83929897
32	2	-	101339032	2	+	101490215
33	2	-	114612376	8	+	73056855
34	2	-	129176258	2	+	129176628
35	2	+	132640993	2	-	132658982
36	2	-	133045922	2	+	133107841
37	2	-	148684026	2	-	148686813
38	2	+	148720717	4	-	174229352
39	2	+	186985077	2	-	187385238
40	2	+	197757687	X	-	91022002
41	2	-	199120151	5	+	1251546
42	2	+	205496567	3	-	177097273
43	3	-	4895086	3	+	4912642
44	3	+	6388438	3	-	6390645
45	3	-	45817584	3	+	46007698
46	3	-	49838795	3	+	49985066
47	3	-	51152610	3	+	51177684
48	3	+	60270177	3	-	60285281
49	3	+	60994427	3	-	61055464
50	3	+	73720137	15	-	27372721
51	3	-	83202785	3	+	83205591
52	3	-	101569225	3	+	101663743
53	3	+	128450920	3	-	128499350
54	3	-	150035414	3	+	150041488
55	3	-	172287129	3	+	172405876
56	3	-	197586523	3	+	197676707
57	4	-	1665079	4	+	1850679
58	4	+	1974087	8	+	125392767
59	4	+	4502457	4	-	4800800
60	4	-	20373715	20	-	1212056
61	4	+	20373967	20	-	1211419
62	4	-	45466881	12	-	7051109
63	4	-	47294602	4	-	47296214
64	4	+	47407764	8	+	77719494
65	4	+	54171883	9	-	2670009
66	4	-	75180153	4	+	75375043
67	4	+	79899833	8	+	118917294
68	4	+	88061459	4	-	123738286
69	4	+	92293221	4	-	92302852
70	4	+	97818919	4	+	98409566
71	4	+	140226906	5	+	110761415
72	4	-	144778051	5	+	112771803
73	4	+	144784901	4	+	150659725
74	4	+	145175560	5	+	115176350
75	4	-	148163644	5	-	115382563
76	4	-	148537660	5	+	110960035
77	4	+	149318550	4	-	150259051
78	4	-	150720602	5	+	112823211
79	4	-	150798541	8	-	121594109
80	4	+	150876695	5	+	109455452
81	4	+	151250299	4	-	151378128
82	4	-	152520683	11	+	69536258
83	4	-	154959342	8	-	113754838
84	4	+	154968302	4	-	170247643
85	4	-	154979956	8	+	108140723
86	4	+	155084160	5	-	2539936
87	4	-	157816441	4	+	170613468
88	4	+	158214740	5	-	63053410
89	4	-	158626656	11	+	94185876
90	4	+	158640923	4	-	166456220
91	4	+	161814062	8	+	110845389
92	4	+	166737111	8	+	107756814
93	4	-	170622418	8	-	114537901
94	4	-	170653401	5	+	180469386
95	4	+	170733298	4	-	170788202
96	4	+	170803419	4	+	170965642
97	4	-	170838928	4	-	170857916
98	4	-	170876465	5	-	500154
99	4	+	170885985	4	-	173296951
100	4	+	170891848	8	-	118422166
101	4	-	170960648	4	+	172565332
102	4	+	170965493	5	-	2689282
103	4	-	172497168	4	+	172548640
104	4	+	172511056	8	+	118431606
105	4	-	173598119	8	-	91215502
106	4	-	173948263	4	+	177680613
107	4	+	174412801	12	-	51598496
108	4	-	176042584	5	+	111977576
109	5	-	140294	8	+	113755785
110	5	+	140455	5	-	180622221
111	5	+	287880	5	+	112161899
112	5	-	373467	8	-	122980843
113	5	-	491571	8	+	111687948
114	5	-	732163	5	+	114810959
115	5	-	732358	8	-	131389265
116	5	-	1021015	21	-	16500987
117	5	-	1081429	8	-	112530130
118	5	+	1129617	5	-	111279334
119	5	+	1153215	5	+	111280436
120	5	-	1157124	5	+	180637159
121	5	+	1157857	8	-	112285567
122	5	+	1215418	8	-	118553115
123	5	+	1326340	5	+	114825193
124	5	-	1327804	8	+	107838163
125	5	-	1337229	8	-	131397437
126	5	-	1337732	5	-	114818276
127	5	+	1340366	5	-	176240046
128	5	+	1396928	9	-	9890706
129	5	+	1402200	8	-	112595793
130	5	+	1558006	8	+	114617508
131	5	-	1946888	5	-	179337576
132	5	+	1974436	8	+	107255371
133	5	-	2154828	5	-	2831844
134	5	-	2407755	8	-	108017598
135	5	+	2416349	5	-	2907691
136	5	+	2567943	8	-	117874843
137	5	-	2618954	5	+	115850772
138	5	+	2689657	5	+	176887678
139	5	+	2840314	8	-	107234682
140	5	-	2957010	5	-	2970579
141	5	+	2971086	8	-	109306393
142	5	+	3078668	5	-	3078717
143	5	+	3153773	8	+	111442126
144	5	+	3209219	8	+	119804670
145	5	-	32317524	5	-	113424505
146	5	-	42816460	9	-	2557067
147	5	+	51840031	8	-	113309616
148	5	+	63251153	5	-	63270963
149	5	-	63264215	8	-	119230751
150	5	-	63265738	8	-	118981923
151	5	+	63267432	8	+	124308594
152	5	+	63270593	5	-	63274606
153	5	+	63273055	8	+	119232744
154	5	-	63275002	5	-	175217358
155	5	+	63275137	8	-	107601459
156	5	+	63275160	8	-	119001808
157	5	-	72013966	5	-	72014198
158	5	-	100641976	5	-	111858463
159	5	-	102118884	11	-	91102062
160	5	-	102435479	8	+	121490661
161	5	+	102470875	11	+	91990252
162	5	-	103178063	5	+	113425347
163	5	+	103178282	5	-	114530116
164	5	+	103330122	5	-	112178141
165	5	-	103418550	5	+	114676955
166	5	-	103423960	5	-	112155973
167	5	+	103874809	11	+	91009653
168	5	-	103880015	5	+	113680070
169	5	+	105075383	5	-	109419778
170	5	-	106506653	5	+	106829178
171	5	-	108634011	5	+	176881211
172	5	+	109107800	5	-	110515732
173	5	-	109140038	5	-	114749480
174	5	+	109231027	8	+	118399718
175	5	+	109370798	5	-	112807657
176	5	+	109419793	5	-	109420677
177	5	-	109570088	5	+	115468048
178	5	+	109644359	5	-	109646756
179	5	-	109645760	5	+	109647229
180	5	+	109649146	5	-	113956321
181	5	+	109692402	5	+	115971043
182	5	-	109804904	5	+	110128337
183	5	-	110130193	5	+	116217289
184	5	+	110171373	5	+	111473704
185	5	-	110182329	5	-	111591061
186	5	+	110265610	5	+	117049573
187	5	-	110284187	6	+	136582616
188	5	-	110308401	11	+	91110123
189	5	+	110409313	5	+	112933189
190	5	-	110523737	5	+	111279842
191	5	+	110524778	8	+	112286385
192	5	-	110938650	5	+	110938846
193	5	+	111140765	5	-	113816763
194	5	-	111203573	5	+	111282375
195	5	+	111281477	5	-	180639498
196	5	-	111418383	5	+	113347232
197	5	-	111483575	8	+	113427375
198	5	+	111614908	5	+	111615839
199	5	+	111789444	5	-	112820453
200	5	-	111920875	5	-	113478835
201	5	+	111948292	5	+	112992616
202	5	-	111994137	5	-	115237358
203	5	+	111994610	5	+	112174184
204	5	+	112155330	5	+	114402781
205	5	+	112164869	5	+	113430160
206	5	+	112265906	5	-	114134576
207	5	-	112467116	8	+	117733038
208	5	+	112561066	5	+	116775314
209	5	-	112679989	8	+	121609031
210	5	-	113231521	5	+	114990558
211	5	-	113541759	11	+	91358311
212	5	+	113848469	8	+	107890881
213	5	-	113880160	5	-	115948879
214	5	-	114629481	8	+	121949751
215	5	+	114654137	5	-	116443239
216	5	-	114780727	5	+	180453775
217	5	+	114781363	8	+	133208856
218	5	+	114806178	8	-	119198968
219	5	-	114807516	5	+	180459097
220	5	+	114807802	8	-	112690366
221	5	-	114810434	5	-	179962702
222	5	+	114810959	8	+	130827441
223	5	-	114813056	8	+	108253035
224	5	+	114814350	8	-	129204212
225	5	-	114815098	8	+	130941986
226	5	+	114815868	8	-	131401045
227	5	+	114815868	8	+	130872769
228	5	+	114818863	8	+	131440309
229	5	-	114820256	5	+	176663932
230	5	+	114820632	5	-	176673555
231	5	-	114824634	5	-	176684273
232	5	-	114825791	5	-	114841346
233	5	-	114832204	8	+	119213807
234	5	+	114837277	5	+	179442152
235	5	-	114839650	5	-	179457733
236	5	+	114841219	5	-	115158108
237	5	+	114852178	5	+	114853754
238	5	-	114853622	5	-	114853756
239	5	+	114855067	8	+	131393859
240	5	-	114856070	8	-	132457301
241	5	+	115148918	8	+	111536020
242	5	-	115150013	8	+	129210269
243	5	+	115152746	8	-	130881040
244	5	-	115154671	8	+	121956583
245	5	+	115158309	8	+	130896920
246	5	-	115160675	8	+	108046594
247	5	+	115163047	8	+	130940658
248	5	-	115190411	8	-	131406714
249	5	+	115191025	8	-	128925375
250	5	-	115412737	8	-	121798656
251	5	-	115419575	11	-	69283837
252	5	-	115498423	20	+	223477
253	5	-	116030028	5	-	116726906
254	5	+	116453588	8	-	108884124
255	5	+	116719652	11	+	91284192
256	5	-	116840666	8	-	109220924
257	5	+	116877291	11	+	69609303
258	5	+	123347373	5	-	123348227
259	5	+	140881523	5	-	140899929
260	5	+	145394959	5	-	145402851
261	5	-	151277507	5	+	151336161
262	5	-	175180436	5	-	175215080
263	5	+	175182574	8	+	117511207
264	5	-	176223620	8	+	100254498
265	5	-	176341466	8	+	128065717
266	5	+	176376456	8	+	126040513
267	5	+	176449875	5	+	176458019
268	5	-	176455203	8	+	127922774
269	5	+	176525811	8	-	131881569
270	5	-	176654881	8	-	130349724
271	5	+	176655174	5	+	176678060
272	5	+	176660281	5	+	179457074
273	5	-	176661185	8	-	133835514
274	5	-	176665864	5	-	180458573
275	5	+	176666528	8	+	129203466
276	5	-	176667581	8	-	131439859
277	5	-	176668065	8	-	111539257
278	5	+	176671986	5	+	179460390
279	5	+	176674713	8	+	130934835
280	5	-	176676106	5	-	179454814
281	5	+	176685267	5	+	179509558
282	5	+	179242464	5	-	179259110
283	5	-	179435049	8	+	107833687
284	5	-	179435623	8	+	107844387
285	5	+	179437012	5	+	179448282
286	5	-	179441231	8	+	129208629
287	5	+	179449126	8	+	107836475
288	5	-	179451920	8	+	131399833
289	5	+	179453710	8	+	130865142
290	5	-	179508544	8	+	129202017
291	5	-	179527051	8	+	111845346
292	5	+	179862467	8	-	111824315
293	5	-	180453371	8	+	130944145
294	5	-	180453382	5	-	180453886
295	5	-	180460362	8	-	119213089
296	5	+	180460850	8	-	130934508
297	5	-	180475635	8	-	129216780
298	5	-	180639205	8	+	118559524
299	5	-	180653129	9	+	1653021
300	5	-	180669307	8	+	112706990
301	5	+	180669651	8	+	133212115
302	5	+	180669663	8	-	111523015
303	5	+	180670767	8	-	111893930
304	5	-	180672384	8	+	126773921
305	5	+	180672604	8	+	124898337
306	5	+	180681909	8	-	125846760
307	6	+	33606834	6	-	47945546
308	6	+	34523396	6	-	34612689
309	6	+	34828557	6	-	35082657
310	6	+	48633089	6	-	48638542
311	6	-	64001632	6	+	64114249
312	6	+	71894494	6	-	71897040
313	6	+	90059703	6	-	90567283
314	6	-	103897585	6	+	103918356
315	6	+	107842846	6	-	107843454
316	6	-	126198701	6	+	126320469
317	6	+	133261645	8	-	55748896
318	6	+	157056750	6	-	157120332
319	7	+	775691	7	-	1533432
320	7	-	780278	7	+	2851783
321	7	+	9338488	22	-	29065506
322	7	-	30336970	7	+	31025696
323	7	+	37060234	7	-	37869732
324	7	+	86284503	7	-	86284837
325	7	-	105158282	7	+	105363198
326	8	-	39197346	8	-	39198263
327	8	+	39229094	10	-	53695207
328	8	+	39297706	11	-	69951988
329	8	+	39301663	11	+	69952804
330	8	-	39660401	8	+	42602947
331	8	-	42349278	12	-	45424239
332	8	-	42946904	8	-	42947910
333	8	+	42952918	8	+	42956990
334	8	-	57451854	19	+	58165244
335	8	+	68610913	8	-	68619087
336	8	-	72130780	8	+	106606942
337	8	+	73223694	8	-	73226084
338	8	+	74534365	8	-	74534461
339	8	+	76839999	8	+	79950698
340	8	+	77444450	8	-	77447537
341	8	+	77954016	8	-	78066753
342	8	-	79343864	17	+	26952082
343	8	+	82396177	8	-	94695577
344	8	+	85904476	8	-	88887105
345	8	+	87946380	8	-	88001129
346	8	-	88672323	8	-	88673043
347	8	+	90469477	8	-	93413720
348	8	+	90517214	12	-	34153379
349	8	-	91500009	8	-	131277938
350	8	-	92139954	20	+	2455733
351	8	+	93149215	8	+	115738408
352	8	+	93595847	8	-	93595984
353	8	+	94773100	8	-	94901738
354	8	+	95054411	8	-	95515866
355	8	+	95164499	22	-	48282446
356	8	+	97331485	8	-	105376911
357	8	+	99445403	8	-	100056883
358	8	+	99616709	8	-	100589580
359	8	-	99903998	11	-	69881862
360	8	+	99974429	8	-	100041655
361	8	+	100094652	8	-	100428701
362	8	-	100234478	8	-	126470731
363	8	-	105352273	14	+	53879375
364	8	+	105377144	8	+	105506780
365	8	-	105510525	14	-	54588231
366	8	-	106287456	8	+	110809276
367	8	+	106291908	8	-	106292155
368	8	+	106295295	8	+	110027327
369	8	-	106296537	8	-	110026964
370	8	-	107109717	8	+	110028538
371	8	+	107135169	8	+	122016539
372	8	-	107331452	11	+	90765332
373	8	+	107331859	11	-	91710000
374	8	+	107411285	8	-	107814883
375	8	-	107411349	8	-	108086101
376	8	+	107606596	8	+	119156445
377	8	-	107614245	8	+	119002525
378	8	-	107615504	11	-	68926896
379	8	+	107617086	8	-	107620940
380	8	-	107653410	11	+	94987872
381	8	+	107653553	11	+	94975642
382	8	+	107685338	8	+	128127527
383	8	-	107796118	8	+	124423255
384	8	-	107800032	11	+	96565457
385	8	+	107814855	8	-	122384647
386	8	+	107822807	11	+	91842449
387	8	+	107834046	8	+	131391055
388	8	-	107836272	8	+	131390885
389	8	-	107843995	8	-	130864700
390	8	+	108004858	8	-	133816787
391	8	+	108019739	8	+	130924593
392	8	-	108037689	8	-	130935154
393	8	+	108038988	8	-	132453091
394	8	+	108045368	8	-	130941239
395	8	-	108060414	8	-	129209341
396	8	+	108061206	8	-	119207963
397	8	+	108074998	8	-	117407608
398	8	-	108080161	9	+	15888629
399	8	-	108147414	8	-	119110313
400	8	-	108154403	8	+	119193255
401	8	+	108185103	8	-	108300712
402	8	-	108252328	8	-	130926424
403	8	+	108258067	8	-	119214437
404	8	+	108273892	8	+	130476048
405	8	+	108356830	8	-	123718524
406	8	-	108358019	8	+	118724561
407	8	-	108360048	8	-	118499844
408	8	+	108361267	8	-	108454525
409	8	-	108452813	8	+	119112891
410	8	-	108455050	8	+	114573238
411	8	+	108482828	8	+	108487554
412	8	+	108490037	8	+	132337423
413	8	-	108806135	8	+	123717819
414	8	+	108975307	8	+	108976253
415	8	-	109015249	8	+	124364880
416	8	+	109018835	8	+	113752147
417	8	+	109044004	8	+	109210835
418	8	-	109233387	8	-	109234122
419	8	+	109234116	X	+	90997729
420	8	+	109534641	8	+	128172331
421	8	+	109821443	8	+	124550114
422	8	+	109821450	8	-	111520336
423	8	+	109889925	8	-	124766394
424	8	-	110027871	8	-	110808033
425	8	-	110142631	8	+	111680266
426	8	+	110899736	8	-	112877494
427	8	-	111533937	8	+	130843990
428	8	+	111539978	8	+	119199823
429	8	-	111577125	12	+	51867109
430	8	-	112032719	8	-	112034456
431	8	+	112459448	8	-	128069781
432	8	+	112510526	8	-	112585143
433	8	+	112649229	8	+	112650105
434	8	+	112666200	8	+	112666732
435	8	+	112667823	8	-	112670331
436	8	-	113021943	8	-	113031171
437	8	+	113310951	8	-	113311248
438	8	+	113332081	8	-	113332443
439	8	+	114837203	8	-	124366612
440	8	+	117309758	8	-	117322172
441	8	-	117507012	8	-	117508256
442	8	+	117916583	8	+	117983820
443	8	-	117961019	8	-	117963827
444	8	+	118691634	8	+	118695435
445	8	-	118977537	8	-	125303025
446	8	+	118979249	8	+	132514439
447	8	+	118982860	8	-	124307652
448	8	-	119080409	8	+	132008998
449	8	-	119112904	8	-	119201342
450	8	+	119212183	8	+	130876593
451	8	+	119344498	8	-	132252971
452	8	-	119366463	8	-	124016574
453	8	-	119584992	8	+	132256623
454	8	-	120923176	8	-	128770049
455	8	-	121426520	11	-	91310907
456	8	-	122010092	11	+	91105734
457	8	+	123714958	8	-	123715671
458	8	+	126137858	8	-	126236292
459	8	-	127856008	8	-	130477310
460	8	-	127994035	11	+	69451602
461	8	-	128912427	8	+	130336860
462	8	+	128913581	8	-	129867450
463	8	+	128925672	8	+	129213395
464	8	-	128930403	8	+	130867466
465	8	+	129034522	11	-	97035197
466	8	-	129111511	8	+	129178879
467	8	-	129111966	8	-	130773342
468	8	+	129111973	8	-	130774024
469	8	-	129203157	8	-	130901940
470	8	-	129211359	8	-	133207327
471	8	+	129212418	8	+	131390034
472	8	-	129212965	8	+	129216970
473	8	-	129218207	8	+	130343110
474	8	+	129219747	8	-	133826739
475	8	+	129333460	8	-	130869685
476	8	+	129868549	8	-	130341771
477	8	-	130320499	11	+	97039538
478	8	-	130335251	8	+	133843754
479	8	+	130341078	8	-	130343476
480	8	+	130568386	11	+	60272329
481	8	+	130662640	14	-	37694552
482	8	-	130844001	8	+	130870118
483	8	-	130866122	8	+	133830275
484	8	-	130871361	8	+	130933957
485	8	+	130872769	8	+	131401249
486	8	-	130875626	8	+	132443994
487	8	+	130881843	8	-	131392334
488	8	-	130883933	8	+	130901361
489	8	+	130929064	8	+	131407244
490	8	-	130930954	8	-	131388542
491	8	+	131389124	8	-	131389724
492	8	-	132008179	8	-	132010340
493	8	+	132054151	8	+	132402006
494	8	-	132177281	8	-	132368683
495	8	-	132442824	8	+	133819324
496	8	+	132455312	8	-	133209970
497	9	-	1133121	9	+	1149216
498	9	-	1134539	9	-	1148962
499	9	-	1171914	9	-	2033949
500	9	+	1185394	9	+	1197425
501	9	+	1385235	22	-	20742106
502	9	-	1919574	9	+	9130017
503	9	+	2612910	9	+	2624615
504	9	-	2616301	9	-	2628679
505	9	+	4678504	22	-	22222012
506	9	-	5156284	22	+	22279599
507	9	+	7455840	9	+	10151228
508	9	-	8015325	20	+	12878840
509	9	-	8481522	9	+	8488421
510	9	+	13996536	9	+	14003020
511	9	+	14155150	9	-	14264282
512	9	-	14775374	9	+	16538696
513	9	-	15196590	20	+	15107627
514	9	-	15511705	12	+	40531882
515	9	-	16492203	12	+	40720577
516	9	+	17208950	9	-	17215590
517	9	-	17223229	12	-	40572533
518	9	+	18581388	20	+	54605129
519	9	+	37995733	9	+	38022081
520	9	-	38015506	9	-	38022646
521	9	-	130434557	9	+	130595148
522	10	+	1710485	10	+	5530087
523	10	-	4856734	10	+	58654771
524	10	-	12524664	10	+	12942283
525	10	+	42920153	20	+	55176466
526	10	-	71275019	10	+	71615465
527	10	-	100936278	10	+	101142168
528	10	+	105390918	10	-	105612336
529	10	+	110208391	10	-	110244107
530	10	+	128839595	10	-	129049257
531	11	+	26169750	15	-	26657308
532	11	-	34930446	17	-	37945676
533	11	+	36711727	11	-	44972113
534	11	+	39636888	X	+	50491747
535	11	+	46521154	11	-	46638047
536	11	-	50106575	20	+	29856936
537	11	-	55469830	19	+	55109147
538	11	-	55811631	19	-	30983067
539	11	+	57986030	11	-	57988526
540	11	-	60272123	11	-	68859701
541	11	-	63262996	11	+	63263079
542	11	+	69206076	21	-	20803483
543	11	-	69312738	11	+	69313488
544	11	+	70677781	11	-	88055603
545	11	+	72375500	11	+	72377198
546	11	-	74306111	11	+	74570711
547	11	-	84756991	20	-	40551459
548	11	+	88199482	11	-	94063706
549	11	+	90762518	11	-	91556964
550	11	-	90766792	11	+	91558338
551	11	+	91557347	11	+	91558154
552	11	-	91854907	11	-	91964645
553	11	-	94181498	11	-	94196486
554	11	-	94813621	11	-	94814408
555	11	+	94975756	11	+	94987867
556	11	+	96196233	14	+	36903845
557	11	-	101798635	11	-	101799172
558	11	-	103953902	11	-	103956360
559	11	+	103979262	11	+	103981589
560	12	-	3936527	17	+	37869731
561	12	+	3945929	17	-	38048366
562	12	-	6419490	17	+	38044837
563	12	+	6951619	17	-	38033700
564	12	+	7062389	17	-	37940038
565	12	-	9184438	17	+	37957974
566	12	+	9184654	12	+	9184916
567	12	-	33650765	12	-	33651978
568	12	+	34140928	12	+	34141958
569	12	-	40393758	20	-	53974895
570	12	-	40994945	12	+	41138220
571	12	+	41336439	20	-	58435451
572	12	-	41421470	20	-	57031701
573	12	-	41542971	20	-	53992197
574	12	+	41881949	12	-	43132624
575	12	+	43178700	12	+	43179962
576	12	+	43843739	12	+	43871744
577	12	+	45735056	12	-	45749743
578	12	-	74582337	12	-	74584145
579	12	+	99041034	12	-	99291040
580	12	+	99285988	12	-	99374971
581	12	+	99557881	12	-	99677334
582	12	+	100274878	12	-	100645454
583	12	+	100381117	12	-	100493480
584	12	+	118472979	12	-	118496264
585	13	+	22863628	13	-	22864063
586	13	+	48754347	13	-	48756933
587	14	+	34174692	14	-	34180843
588	14	+	47381240	14	-	47670706
589	14	-	76041031	14	+	76069442
590	15	+	20153011	19	+	49244181
591	15	-	25036764	15	-	25038249
592	15	+	25037058	15	-	25039532
593	15	+	25047292	15	+	25080933
594	15	+	25831093	15	-	27447772
595	15	+	27048440	15	+	27050118
596	15	+	31371389	20	-	59913461
597	15	-	35333178	19	-	35540406
598	15	-	41419385	15	+	41793602
599	15	-	96710501	15	+	97069366
600	16	+	1554559	16	-	1727871
601	16	-	29715598	16	+	29827851
602	16	-	53402451	16	+	53555187
603	16	+	78523049	16	-	78586165
604	16	+	79080081	16	-	79121719
605	16	-	88900738	16	+	88901119
606	17	+	4702379	17	-	4720750
607	17	+	25358154	17	+	25359349
608	17	-	25376373	17	-	59693732
609	17	+	37247227	17	-	78694778
610	17	-	37251315	17	-	70443114
611	17	+	37604775	17	+	41099313
612	17	-	37639783	17	-	37640875
613	17	-	37645645	17	-	37650212
614	17	-	37647437	17	-	37648265
615	17	-	37815476	17	-	37816070
616	17	+	37869379	17	+	37869955
617	17	-	37869732	17	-	37871254
618	17	-	37916101	17	-	37917872
619	17	+	38136311	17	+	38137773
620	17	-	53207374	17	+	53246520
621	17	+	57761253	17	-	57905287
622	17	+	70441714	17	-	80159516
623	17	+	78691207	17	+	79428883
624	18	+	56896027	18	-	57034701
625	19	-	1814593	19	+	2209140
626	19	+	2185087	19	-	2195482
627	19	+	7854924	19	-	8129775
628	19	-	29379318	19	+	29379496
629	19	-	30298846	19	-	42445062
630	19	+	30986804	19	-	30987679
631	19	+	31493410	19	+	42066911
632	19	+	34395098	19	+	46249041
633	19	-	37335146	19	+	46569820
634	19	+	38439642	19	+	42684003
635	19	+	42602263	19	+	54383174
636	19	-	43624395	19	-	53999377
637	20	-	124939	20	+	11830823
638	20	-	2828945	20	+	3571179
639	20	-	31749147	22	-	24296193
640	20	+	31950869	20	+	31952594
641	20	+	54037003	20	-	54304700
642	20	+	56693418	20	+	56695056
643	20	-	56775419	20	-	56776725
644	20	+	58533919	20	+	58534425
645	20	-	59859151	20	-	59860761
646	20	+	59920275	20	-	59921683
647	21	-	14479792	21	-	25066179
648	21	+	16172476	21	+	19095836
649	21	-	16266970	21	+	35120206
650	21	+	16542905	21	+	22337752
651	21	+	16815800	GL000194.1	+	99142
652	21	-	18739271	21	+	44246522
653	21	-	18759178	21	-	18906647
654	21	-	19082084	21	+	24078675
655	21	-	19615445	21	-	27439388
656	21	+	19623612	21	-	40095741
657	21	-	19976394	21	+	23260897
658	21	-	20174683	21	+	42716156
659	21	+	20540969	21	-	26977918
660	21	-	20544093	21	+	43932787
661	21	+	20668808	21	-	47192206
662	21	+	20858524	21	+	47105526
663	21	+	21222703	21	-	31286561
664	21	-	21253823	21	+	33833864
665	21	+	21508940	21	-	28330244
666	21	-	21775800	21	-	44630720
667	21	+	22067605	21	+	28248308
668	21	+	22098522	21	+	28330194
669	21	-	22127613	21	+	47069381
670	21	-	22291916	21	+	43176632
671	21	-	23186392	21	-	43934188
672	21	-	23374579	21	-	38664204
673	21	+	23951096	21	-	29033848
674	21	-	24788050	21	-	35909118
675	21	+	24952149	21	+	30758502
676	21	-	25054850	21	+	38902322
677	21	+	25615304	21	-	41328646
678	21	-	25829675	21	-	29459267
679	21	-	25830264	21	+	29459496
680	21	-	26225229	21	-	30609033
681	21	+	26509542	21	+	43956716
682	21	-	26520843	21	+	31744185
683	21	+	27229539	21	-	33507290
684	21	-	27441916	21	+	27984455
685	21	-	27566558	21	+	44739212
686	21	-	27612793	21	+	34646323
687	21	-	27807829	21	+	29706000
688	21	+	28104851	21	-	38658367
689	21	-	28113628	21	+	45044077
690	21	+	28163814	21	+	30825697
691	21	+	29364224	21	+	41465530
692	21	-	30062508	21	-	30807417
693	21	-	30352379	21	-	32595444
694	21	+	30791748	21	+	38117409
695	21	-	31254694	22	-	28679437
696	21	+	31570555	22	+	29339109
697	21	-	31631093	21	-	42035437
698	21	-	31746758	21	-	42527108
699	21	+	32364864	21	-	40623157
700	21	-	33946254	21	-	39391583
701	21	+	33950419	21	-	46426879
702	21	-	34797047	21	+	36240401
703	21	+	37194680	21	-	45917498
704	21	-	37494372	21	+	44003647
705	21	+	38300696	21	-	40582652
706	21	-	38435512	21	-	45044002
707	21	-	38888614	21	+	46440242
708	21	-	39401961	21	+	39459951
709	21	+	39721813	21	+	46269244
710	21	+	40498462	21	-	40524078
711	21	+	41336382	21	+	45790092
712	21	+	42528793	22	+	29535959
713	21	+	42703950	21	+	47334060
714	21	+	42887785	21	-	46242037
715	21	+	43131768	21	-	43133901
716	21	-	43811421	21	-	47134905
717	21	-	43996971	21	-	45805110
718	21	-	46177367	21	+	46729766
719	21	-	46474953	21	+	46475100
720	21	+	46963907	21	-	46967976
721	22	+	22307517	22	+	22401810
722	22	+	23959700	X	+	54838373
723	22	-	26573104	22	-	36831491
724	22	+	31752086	22	-	31752887
725	22	-	36837407	22	-	36839994
726	22	+	36855587	22	+	36911893
727	22	-	41633958	22	+	41915686
728	X	+	23538149	X	-	23720620
729	X	-	45402093	X	+	62061465
730	X	+	47461326	X	-	57104001
731	X	-	55777438	X	-	56123329
732	X	+	57257268	X	-	57946358
733	X	+	62793856	X	-	62794377
734	X	+	99328477	X	-	99334841
735	1	-	724141	2	+	89876118
736	1	+	1832589	17	+	38112526
737	1	+	1832661	17	+	38112526
738	1	+	16835502	6	+	76267748
739	1	-	59024746	6	+	5179322
740	1	+	82617254	17	+	38112526
741	1	+	89695552	1	+	89802755
742	1	-	89796930	1	-	89833608
743	1	-	121137865	1	-	148855468
744	1	+	144961941	22	+	47753922
745	1	-	145202644	4	+	70902674
746	1	+	147416353	1	+	151727031
747	1	-	148643900	7	+	71302258
748	1	+	173852569	1	+	173855775
749	1	+	174072132	1	+	174085046
750	1	+	189500578	1	-	189501347
751	1	-	224203750	4	-	49138804
752	10	+	24336565	17	-	37958882
753	10	+	42355562	10	-	42380232
754	10	-	42356821	10	+	42378458
755	10	-	42364748	10	+	42379880
756	10	-	42365059	10	+	42380231
757	11	-	48161692	5	-	2689283
758	11	+	55019717	5	-	49537071
759	11	+	55019719	5	-	49537071
760	11	-	55472891	11	-	56130695
761	11	+	65555250	11	-	98828948
762	11	+	68859024	11	-	68859702
763	11	+	69451601	1	-	248282406
764	11	+	69881836	8	+	112301800
765	11	-	84060585	5	-	1402366
766	11	+	90762518	11	+	91558154
767	11	-	90762597	11	-	91558023
768	11	+	90762607	11	+	91558154
769	11	+	92298184	5	-	115150555
770	11	+	94181498	11	+	94196487
771	11	+	94185875	5	+	63016297
772	11	+	94235881	5	+	114439766
773	11	+	101798635	11	+	101799173
774	11	+	103953902	11	+	103956361
775	12	+	1031565	12	-	3303535
776	12	-	22648560	12	+	25324821
777	12	-	34140927	12	-	34141958
778	12	+	34564497	12	+	34565615
779	12	-	57928764	12	+	58179693
780	12	-	127492873	17	+	13528034
781	13	-	28053942	17	-	37990966
782	13	+	46052601	17	+	37945676
783	13	+	55349002	13	-	55354132
784	14	+	38064108	14	+	38065368
785	14	-	60286132	5	-	505697
786	14	-	106319876	18	-	62646186
787	14	+	106449026	14	-	106450849
788	15	-	22462008	14	+	106467294
789	15	+	22463940	19	-	41847408
790	15	-	25047291	15	-	25080933
791	15	+	27679715	15	+	27680752
792	15	+	31364839	15	+	31365300
793	15	+	45511436	5	-	176223621
794	16	+	32441847	8	+	117620096
795	16	-	33895699	16	-	46417217
796	16	-	33895735	16	-	46426550
797	16	+	33895828	16	+	46426550
798	16	-	86885665	1	-	23952470
799	16	-	87906468	17	+	38112542
800	16	-	90108269	17	-	37808331
801	17	-	13528033	12	+	127492874
802	17	+	22251680	17	+	22260028
803	17	+	25264665	21	-	10781086
804	17	+	25264685	21	-	10087932
805	17	-	33033662	9	-	44993142
806	17	+	37251307	17	+	70443115
807	17	-	37604774	17	-	41099313
808	17	-	37647954	13	-	76628405
809	17	+	37648366	16	+	67638058
810	17	+	37662486	9	-	131286356
811	17	-	37697026	11	-	75288362
812	17	-	37709696	17	+	37935848
813	17	+	37763306	2	-	223731464
814	17	-	37768931	8	-	125184245
815	17	-	37812280	X	+	44141900
816	17	+	37824445	9	-	36347115
817	17	+	37870330	2	+	131823751
818	17	-	37895415	17	-	37896441
819	17	-	37895784	2	-	223731463
820	17	+	37898244	1	+	43297229
821	17	-	37932562	22	-	42937719
822	17	-	38071014	15	-	26581318
823	17	+	38097620	14	-	70869384
824	17	+	38102260	18	-	47075182
825	17	-	38109454	2	-	223731466
826	17	-	38110534	1	+	72601120
827	17	+	38118957	19	+	7197557
828	17	-	38136305	17	-	38137773
829	18	-	9997	8	-	110813087
830	19	+	11682098	5	+	176655174
831	19	+	32560470	19	+	54382484
832	19	-	32575047	19	+	54379219
833	19	-	32575274	19	+	54378733
834	19	-	34395097	19	-	46249041
835	19	-	38439648	19	-	42684003
836	19	+	41069504	19	-	41069730
837	19	-	42602262	19	-	54383174
838	19	-	45565477	19	+	45840319
839	2	+	2342045	2	-	2342237
840	2	-	72294364	8	-	107837678
841	2	-	89876211	1	+	724142
842	2	-	90372849	22	-	16862347
843	2	-	92273037	2	+	92315789
844	2	-	92281618	2	+	92290846
845	2	+	149894421	17	+	38108303
846	2	-	184035995	17	+	38112524
847	2	+	202339383	2	-	203161869
848	20	+	29812012	Y	+	13458474
849	20	-	29818004	1	+	726779
850	20	-	29825634	Y	-	58979375
851	20	-	29825675	Y	-	58979375
852	20	+	29832056	2	+	89868833
853	20	+	29832122	2	+	89868833
854	20	+	56775419	20	+	56776726
855	20	+	58104860	17	+	38118080
856	20	+	58184539	9	-	5684272
857	20	-	59966609	8	-	90517062
858	20	+	59970276	20	+	59975667
859	20	+	60048889	20	+	60051094
860	21	-	10087935	17	+	25264598
861	21	+	10775689	17	-	25264597
862	21	-	10798046	Y	-	13448646
863	21	-	10881827	19	+	49244181
864	21	-	14544163	21	-	23374838
865	21	+	15890639	21	+	37362531
866	21	-	16172475	21	-	19095836
867	21	-	16176969	21	+	34218261
868	21	-	16542904	21	-	22337752
869	21	+	18759178	21	+	18906648
870	21	+	19058566	21	-	46086842
871	21	+	19612830	21	+	25304420
872	21	+	19615445	21	+	27439389
873	21	+	20673252	21	-	26157885
874	21	-	20858519	21	-	47105544
875	21	-	21547775	21	-	29459719
876	21	+	21775800	21	+	44630721
877	21	-	22058085	21	+	46177761
878	21	+	22059197	21	+	38673028
879	21	-	22098521	21	-	28330194
880	21	+	23374579	21	+	38664205
881	21	-	24168543	21	-	43119240
882	21	+	25829675	21	+	29459268
883	21	+	25830614	21	+	46336421
884	21	+	27639157	8	+	85088569
885	21	+	29544658	21	+	40001849
886	21	+	30062508	21	+	30807418
887	21	+	31631093	21	+	42035438
888	21	+	31746758	21	+	42527109
889	21	+	32128965	21	+	44749356
890	21	-	33673292	21	-	45735692
891	21	+	33946254	21	+	39391584
892	21	-	34646509	21	+	45255419
893	21	-	36770551	21	+	40895240
894	21	-	37494049	21	-	44046632
895	21	+	37978935	21	+	44813428
896	21	+	38435512	21	+	45044003
897	21	+	39488038	21	+	42334313
898	21	-	42887591	21	-	42903418
899	21	-	43059299	GL000220.1	-	117077
900	21	+	43131795	21	+	43133902
901	21	-	45724057	21	-	45755041
902	21	-	46543131	21	+	47393965
903	22	+	16862346	2	+	90372936
904	22	-	28632048	22	+	28677925
905	22	+	28632266	9	+	6575366
906	22	-	28632495	22	-	28677677
907	22	+	33379221	5	+	502953
908	22	+	36837407	22	+	36839995
909	22	-	36855586	22	-	36911893
910	3	+	2461164	3	-	2470350
911	3	+	4487016	11	+	133429652
912	3	+	56644950	3	-	56650133
913	3	+	122747935	9	+	2090905
914	3	-	152539647	17	+	38118958
915	3	+	184919305	17	-	38122621
916	4	-	1973932	8	+	125388998
917	4	+	3229537	4	-	3271086
918	4	-	41752903	4	-	44702712
919	4	+	47294602	4	+	47296215
920	4	+	47407207	8	-	77719312
921	4	-	49094897	4	-	49633497
922	4	-	49095933	4	-	49659585
923	4	-	49097649	4	-	49654431
924	4	-	49100271	4	+	49152912
925	4	+	49100879	4	+	49642428
926	4	-	49110286	4	-	49641424
927	4	-	49112098	4	+	49142876
928	4	+	49114833	4	+	49642299
929	4	-	49117407	4	+	49149310
930	4	-	49119690	4	-	49636577
931	4	+	49119710	4	-	49141614
932	4	+	49124668	4	-	49156283
933	4	+	49124914	4	-	49156467
934	4	-	49134655	4	-	49647673
935	4	-	49139152	4	-	49652297
936	4	-	49140969	4	+	49156651
937	4	-	49141041	4	+	49156651
938	4	-	49144495	4	-	49636631
939	4	-	49151906	4	-	49657028
940	4	-	52668100	5	-	46383583
941	4	-	61818658	4	-	121376086
942	4	+	63960503	4	-	65454454
943	4	-	78894015	4	-	87065789
944	4	+	92102291	4	-	92126268
945	4	-	97981554	4	-	98441603
946	4	-	114727422	4	+	115893238
947	4	-	116666187	4	-	123989830
948	4	+	117019243	4	+	125284626
949	4	+	154979956	8	-	108311318
950	4	-	158626656	5	-	63016185
951	4	+	170713982	5	+	2692425
952	4	-	170884408	4	+	172653515
953	4	-	172558717	5	-	180477605
954	4	+	173338838	8	+	90768825
955	5	+	302324	8	+	75431763
956	5	+	420894	5	+	524015
957	5	+	504334	5	-	2692110
958	5	+	505801	14	+	60286133
959	5	+	640370	5	+	177273376
960	5	-	675326	5	+	766284
961	5	+	675332	5	-	878601
962	5	+	675334	5	-	878598
963	5	+	681543	5	-	682600
964	5	-	765640	5	+	878917
965	5	+	842814	8	+	107833687
966	5	-	929295	X	+	144168948
967	5	+	1036043	1	-	207080433
968	5	-	1044506	5	+	1046080
969	5	-	1129511	5	+	111258932
970	5	-	1153213	5	-	111280436
971	5	-	1189140	5	+	1679816
972	5	-	1333144	5	+	114830990
973	5	-	1333243	5	+	114830990
974	5	-	1333580	5	+	114830990
975	5	-	1333821	5	+	114830990
976	5	+	1633297	8	-	107533306
977	5	+	2692424	4	+	170713983
978	5	+	2900379	8	+	115127869
979	5	+	20070328	8	+	127501824
980	5	+	25588973	5	-	25871563
981	5	+	46325140	19	-	24571037
982	5	-	63016184	4	-	158626657
983	5	+	63016296	11	+	94185876
984	5	+	63275002	5	+	175217359
985	5	+	72013966	5	+	72014199
986	5	+	72057034	22	+	27437432
987	5	+	100641976	5	+	111858464
988	5	+	100699429	8	-	120727683
989	5	+	102334920	5	+	109630220
990	5	-	102889844	5	-	113064554
991	5	-	105075382	5	+	109419779
992	5	+	109140038	5	+	114749481
993	5	+	110362220	5	-	116281618
994	5	-	111204294	5	-	180639503
995	5	+	111279849	5	+	180636984
996	5	+	111584915	5	+	113431979
997	5	+	111994137	5	+	115237359
998	5	-	112057244	11	-	91140377
999	5	-	112155329	5	-	114402781
1000	5	-	112164875	5	-	113430160
1001	5	-	113470419	5	-	114182316
1002	5	+	113787410	5	-	114957191
1003	5	-	114649905	8	-	121335596
1004	5	-	114805004	8	-	130942746
1005	5	-	114810958	8	-	130827328
1006	5	-	114813056	X	-	154534714
1007	5	+	114825791	5	+	114841347
1008	5	-	114837276	5	-	179442152
1009	5	-	114957042	5	+	115370027
1010	5	-	115150554	10	-	69316543
1011	5	+	115163038	17	-	47414290
1012	5	+	116030028	5	+	116726907
1013	5	-	117030984	8	-	121546775
1014	5	+	144096352	11	+	69451602
1015	5	+	175180436	5	+	175215081
1016	5	-	175217274	5	-	175391164
1017	5	-	175380249	8	-	124349320
1018	5	-	176449810	5	-	176457997
1019	5	-	176478575	8	-	108116647
1020	5	-	176660280	5	-	179457075
1021	5	-	176671985	5	-	179460390
1022	5	+	176676106	5	+	179454815
1023	5	+	177317540	8	-	124349320
1024	5	-	177356585	8	-	119052622
1025	5	-	179412496	6	+	82863979
1026	5	+	180091603	8	+	127922774
1027	5	-	180477604	4	-	172558718
1028	6	-	55317220	6	+	56123901
1029	6	+	58147869	16	-	14221794
1030	6	+	106022255	6	-	106077537
1031	6	+	128823516	6	-	128840733
1032	6	-	131847145	17	-	37910408
1033	6	+	162657053	17	+	38112546
1034	7	+	33790031	7	-	33790188
1035	7	-	48521178	5	-	3098606
1036	7	-	61996911	5	-	49485730
1037	7	-	73645466	1	+	190296493
1038	7	+	153929411	5	+	1130688
1039	7	-	158708186	7	+	158789418
1040	8	+	39197346	8	+	39198264
1041	8	+	43488417	8	-	43512701
1042	8	+	43653354	GL000198.1	+	70120
1043	8	-	46854058	15	-	27233479
1044	8	-	72130624	8	-	88289162
1045	8	-	74656722	12	-	107302055
1046	8	+	79594174	8	+	92115161
1047	8	+	85391782	8	+	87734836
1048	8	+	85394373	8	-	85652143
1049	8	-	90517061	20	-	59966610
1050	8	+	90517213	20	+	59966610
1051	8	+	91500009	8	+	131277939
1052	8	+	95044397	8	-	112464914
1053	8	-	99085696	7	+	4925929
1054	8	+	100066907	8	-	100074921
1055	8	+	100234478	8	+	126470732
1056	8	-	105377143	8	-	105506780
1057	8	-	107533305	5	+	1633298
1058	8	-	107606595	8	-	119156445
1059	8	+	107622061	5	+	177277970
1060	8	-	107685337	8	-	128127527
1061	8	-	107833363	5	-	842815
1062	8	+	107841872	8	-	107975752
1063	8	-	107842057	11	-	91028141
1064	8	-	107944752	8	+	122083009
1065	8	+	108147414	8	+	119110314
1066	8	+	108147418	8	+	119110314
1067	8	+	108149622	8	+	108449522
1068	8	-	108273891	8	-	130476048
1069	8	+	108311317	4	-	154979957
1070	8	+	108311402	4	-	154979957
1071	8	-	109018834	8	-	113752147
1072	8	-	109044003	8	-	109210835
1073	8	-	109141029	5	+	848880
1074	8	-	109306202	8	-	110865893
1075	8	-	109534640	8	-	128172331
1076	8	-	109820638	8	+	110142923
1077	8	+	110027871	8	+	110808034
1078	8	-	111539977	8	-	119199823
1079	8	+	112032719	8	+	112034457
1080	8	-	112253612	8	-	112262028
1081	8	-	112647516	5	-	1510370
1082	8	+	113021943	8	+	113031172
1083	8	-	116170513	11	-	96179977
1084	8	+	116170896	8	-	116174163
1085	8	-	117407619	8	-	122097248
1086	8	+	117507012	8	+	117508257
1087	8	+	117961019	8	+	117963828
1088	8	-	118620728	5	-	172168313
1089	8	-	118687586	17	-	37782100
1090	8	-	119052621	5	+	175336641
1091	8	+	119112895	8	+	119201343
1092	8	-	119201342	6	+	108367653
1093	8	-	119212182	8	-	130876593
1094	8	+	119366463	8	+	124016575
1095	8	+	119598818	17	+	38088767
1096	8	-	119797450	5	-	707980
1097	8	+	121233067	11	+	69059464
1098	8	+	121292474	5	-	114360134
1099	8	-	121309809	8	-	123713965
1100	8	-	124307527	5	+	177294243
1101	8	+	124319448	5	-	177290448
1102	8	-	124349319	5	+	177317541
1103	8	-	128925671	8	-	129213395
1104	8	-	128926687	5	+	1332331
1105	8	+	129203157	8	+	130901941
1106	8	+	130930954	8	+	131388543
1107	8	-	131439862	11	-	129702127
1108	8	-	132442824	8	-	133819376
1109	8	-	145292978	8	+	145642753
1110	9	+	1171914	9	+	2033950
1111	9	-	1185393	9	-	1197425
1112	9	+	2616301	9	+	2628682
1113	9	-	3197052	9	-	3206737
1114	9	-	5684271	20	+	58184540
1115	9	-	6559560	8	+	111533938
1116	9	+	6575365	22	+	28632267
1117	9	+	14798508	9	+	14800477
1118	9	-	14808727	12	+	40720577
1119	9	+	16849769	12	+	41671345
1120	9	+	33285181	17	+	37740814
1121	9	+	33285222	17	+	37740814
1122	9	-	37340327	8	-	117901883
1123	9	-	37995732	9	-	38022081
1124	9	+	66977482	3	-	90320074
1125	9	+	69963712	5	+	46348406
1126	9	-	78790112	2	+	89878702
1127	9	-	129129519	9	+	129919202
1128	GL000192.1	-	56322	17	+	38112550
1129	GL000195.1	-	152301	8	+	39321415
1130	GL000198.1	-	69956	8	+	43655749
1131	GL000220.1	+	65610	GL000220.1	+	68946
1132	GL000220.1	+	65790	GL000220.1	+	69125
1133	GL000220.1	-	110808	Y	+	58996160
1134	GL000220.1	-	116542	GL000220.1	+	159886
1135	GL000220.1	+	118478	GL000220.1	+	120246
1136	GL000220.1	+	118830	GL000220.1	-	137345
1137	GL000220.1	+	120486	GL000220.1	+	131421
1138	GL000220.1	-	120883	GL000220.1	+	154639
1139	GL000220.1	+	123476	Y	-	59032817
1140	GL000220.1	+	128874	GL000220.1	-	151345
1141	GL000220.1	+	128882	GL000220.1	-	151345
1142	GL000220.1	+	137453	GL000220.1	-	144435
1143	GL000220.1	+	153121	GL000220.1	-	158858
1144	X	+	36028776	X	-	36045650
1145	X	+	42385482	X	+	42386664
1146	X	+	49560907	X	+	53918142
1147	X	+	61797045	12	-	34813813
1148	X	-	61819551	12	+	34840063
1149	X	+	98764481	X	-	98765731
1150	X	+	114908067	X	-	115005089
1151	Y	+	13458466	Y	+	13842799
1152	Y	-	13458473	Y	-	13842771
1153	Y	+	58979465	20	+	29825635
1154	2	+	87624645	2	+	90482831
1155	2	+	161952309	1	+	33255801
1156	3	+	61526653	3	-	61574666
1157	4	+	53761769	4	-	54001708
1158	4	+	61818666	4	+	121375999
1159	4	-	170800964	4	-	172520283
1160	5	-	640404	5	-	177273374
1161	5	+	175217277	5	+	175391164
1162	6	+	53103890	6	-	115269294
1163	6	+	71647790	3	-	12681184
1164	6	-	138276895	6	-	140268777
1165	6	-	169240074	6	+	169241310
1166	6	+	170380176	6	-	170381619
1167	7	+	71674324	5	+	171998140
1168	7	+	110722306	7	-	110786289
1169	7	-	149734971	7	+	149739193
1170	8	+	72130625	8	+	88289162
1171	8	-	99885209	5	-	179412497
1172	8	-	107833075	8	-	131388853
1173	8	+	107841872	8	-	108071145
1174	8	-	124307547	5	-	175403575
1175	9	+	16896134	1	+	227151546
1176	9	+	138966114	4	+	4681624
1177	10	-	42354963	10	+	42380528
1178	10	+	103124717	3	+	73160129
1179	11	-	26081479	11	-	26083431
1180	11	+	44545102	5	-	126583192
1181	12	-	34564501	12	-	34565615
1182	12	+	34566433	12	-	34566939
1183	12	-	40539731	12	-	66451372
1184	12	+	58028052	12	-	58029274
1185	12	+	131144865	4	-	109468436
1186	14	-	21778410	7	+	27077315
1187	14	+	104674588	14	-	104675528
1188	14	+	106184243	14	-	106185207
1189	15	-	22472964	14	+	106478140
1190	15	+	22473136	14	-	106478390
1191	16	-	27991164	8	-	60368759
1192	16	+	34023132	7	-	61083399
1193	17	+	25358040	17	-	25359036
1194	17	+	37655175	12	-	66451372
1195	17	+	37998256	4	+	107590040
1196	17	+	38112471	4	-	8920554
1197	17	+	38112526	8	-	74908580
1198	17	-	38112541	1	-	1832571
1199	17	+	38113192	3	+	57236005
1200	19	-	28771959	1	-	121485050
1201	19	-	47976516	19	+	48099896
1202	20	+	9042235	10	+	130775001
1203	20	+	59450552	10	+	118332725
1204	21	-	15347430	18	-	14184382
1205	21	-	15890639	21	-	37362560
1206	21	+	33673303	21	+	45735694
1207	22	+	17015249	10	-	39037463
1208	X	-	2548251	X	-	2550045
1209	X	+	46810676	X	+	46830685
1210	X	-	49484078	11	-	39616980
1211	X	-	49822337	X	-	61938777
1212	X	+	49974116	13	-	47210403
1213	X	-	109790395	16	-	72729263
1214	X	+	125922825	17	-	38112639
1215	Y	-	13481767	Y	-	58990162
