prediction_id	cn_0	cn_1	cn_2	n_1	side_1	n_2	side_2	chromosome_1	strand_1	position_1	chromosome_2	strand_2	position_2
1	0	0	0	305	1	54	1	1	+	2295615	20	+	25710070
2	0	1	1	318	1	197	0	1	+	6570844	21	-	36220109
3	0	1	1	409	0	456	1	1	-	48284512	1	+	70759228
4	0	1	1	430	1	432	0	1	+	58599255	1	-	58605867
5	0	1	1	591	0	592	1	1	-	150447294	1	+	150722231
6	0	0	1	698	1	699	1	1	+	203394587	1	+	203398302
7	0	2	1	722	0	1379	0	1	-	213186692	2	-	86650016
8	0	2	1	723	1	38	0	1	+	213569227	20	-	18788619
9	0	1	0	792	1	794	0	1	+	246761843	1	-	246763384
10	0	0	1	1413	0	294	1	2	-	104678297	22	+	50357907
11	0	1	1	1414	0	294	0	2	-	104679641	22	-	50357478
12	0	1	0	1414	1	1417	0	2	+	104995551	2	-	105006840
13	0	1	1	1495	1	1497	0	2	+	143634816	2	-	143640815
14	0	1	1	1544	0	1545	1	2	-	166256477	2	+	166986009
15	0	1	1	1574	0	3776	1	2	-	180253059	X	+	4646570
16	0	1	1	905	1	907	0	3	+	52599302	3	-	52663488
17	0	1	0	1187	1	1189	0	3	+	193623917	3	-	193630280
18	0	1	1	2100	1	2102	0	4	+	13542869	4	-	13544276
19	0	1	1	2190	0	2590	0	4	-	57885216	7	-	56511685
20	0	2	1	2208	1	4244	0	4	+	66132441	11	-	69180696
21	0	0	1	2245	1	3652	0	4	+	83745137	8	-	97336520
22	0	2	1	2265	0	2266	0	4	-	92885587	4	-	92890030
23	0	1	0	2371	0	2372	1	4	-	144902390	4	+	145005516
24	0	1	1	2397	1	2399	0	4	+	157232764	4	-	157232980
25	0	0	1	1772	1	4517	1	5	+	32367169	10	+	65664427
26	0	0	1	2830	0	2831	0	6	-	10615948	6	-	10671668
27	0	1	1	2873	0	2874	1	6	-	31250552	6	+	31644327
28	0	1	2	2889	1	2891	0	6	+	38443230	6	-	38455818
29	0	1	1	2921	0	4855	1	6	-	52085772	13	+	111121193
30	0	1	1	2922	1	6021	1	6	+	52544096	18	+	21551554
31	0	0	1	3035	1	3038	0	6	+	108749997	6	-	109022575
32	0	1	1	3080	1	3082	0	6	+	130028807	6	-	130325189
33	0	1	1	2563	0	2563	1	7	-	44922605	7	+	44953631
34	0	1	0	2655	1	2657	0	7	+	88894605	7	-	88898002
35	0	0	0	3471	1	95	1	8	+	10704532	20	+	45853889
36	0	1	1	3546	1	3547	1	8	+	48732090	8	+	48732540
37	0	0	0	3628	0	3630	1	8	-	87171420	8	+	87217099
38	0	1	1	3628	1	3630	0	8	+	87171645	8	-	87213466
39	0	2	1	3663	0	4246	1	8	-	102462745	11	+	69712608
40	0	1	2	3697	1	3699	0	8	+	118310134	8	-	118335251
41	0	0	1	3702	1	3432	1	8	+	119971891	9	+	134440569
42	0	1	1	3753	1	3755	0	8	+	144105399	8	-	144123987
43	0	1	1	4382	1	5014	1	10	+	118847	12	+	68903603
44	0	1	0	4564	1	4566	0	10	+	88857177	10	-	88961744
45	0	1	1	4628	1	4630	0	10	+	119818880	10	-	119838481
46	0	2	1	4111	0	4114	0	11	-	6051463	11	-	7311019
47	0	1	0	4116	1	4118	0	11	+	8436841	11	-	8438941
48	0	0	1	4125	0	4181	1	11	-	11304726	11	+	39311837
49	0	1	1	4219	0	4855	0	11	-	59852879	13	-	111107079
50	0	1	1	4221	1	4227	1	11	+	60046815	11	+	62347043
51	0	1	1	4245	1	5332	0	11	+	69583970	14	-	21732021
52	0	1	1	5005	1	5017	0	12	+	66847263	12	-	69007751
53	0	0	1	5009	0	5009	1	12	-	67913378	12	+	67913892
54	0	1	1	5011	1	5012	1	12	+	68313722	12	+	68316890
55	0	1	1	5072	1	5074	0	12	+	96542899	12	-	96559951
56	0	1	0	4680	1	4682	0	13	+	25598605	13	-	25604609
57	0	1	1	5355	1	5357	0	14	+	33431273	14	-	33440128
58	0	1	1	5504	0	5504	1	14	-	105584099	14	+	105818843
59	0	0	1	5262	0	5263	1	15	-	72292562	15	+	72654907
60	0	1	1	5573	0	5576	0	17	-	32334813	17	-	32672250
61	0	1	1	5573	1	5598	0	17	+	32346965	17	-	41429261
62	0	1	1	5581	0	5582	0	17	-	34308822	17	-	34312717
63	0	1	1	5659	1	5661	0	17	+	69540319	17	-	69542081
64	0	0	1	6000	0	6000	1	18	-	9045706	18	+	9046201
65	0	1	1	6019	0	61	0	18	-	20887599	20	-	30127505
66	0	1	0	6030	1	6032	0	18	+	24915394	18	-	24915783
67	0	1	1	5888	0	5888	1	19	-	15682400	19	+	15683061
68	0	1	1	5892	1	5894	0	19	+	17427477	19	-	17473445
69	0	0	1	43	1	44	1	20	+	21447403	20	+	21467073
70	0	1	0	98	1	100	0	20	+	46808403	20	-	46808934
71	0	2	1	154	0	158	1	21	-	18045271	21	+	19358565
72	0	1	1	156	0	156	1	21	-	18964968	21	+	18994164
73	0	1	1	190	0	192	0	21	-	34123945	21	-	34638171
74	0	1	2	3919	0	4007	1	X	-	75463256	X	+	115632304
75	0	0	0	3920	0	4007	0	X	-	75464884	X	-	115632001
76	0	0	0	3930	1	3932	0	X	+	79715451	X	-	79717650
77	0	0	0	3973	1	4090	1	X	+	100132662	X	+	152851940
78	0	1	2	4013	0	4015	1	X	-	117105469	X	+	118016064
79	0	1	0	322	1	323	1	1	+	8397767	1	+	8401373
80	0	0	0	4221	0	4227	0	11	-	60046742	11	-	62347004
81	0	1	1	4920	0	4921	1	12	-	25498986	12	+	25500210
82	0	0	0	4942	1	4944	1	12	+	38048407	12	+	38052569
83	0	0	0	4962	0	1583	0	12	-	46109424	2	-	184219112
84	0	0	0	4967	0	4968	0	12	-	48027173	12	-	48027340
85	0	0	1	5501	1	3539	1	14	+	105229991	8	+	43501469
86	0	1	1	5506	1	5508	0	14	+	106449025	14	-	106450850
87	0	1	1	5823	1	5825	0	16	+	76779498	16	-	76793337
88	0	0	0	5572	1	5576	1	17	+	32334813	17	+	32672251
89	0	0	0	5622	1	1661	0	17	+	52070836	2	-	222978111
90	0	1	1	5662	1	5664	0	17	+	70470843	17	-	70481742
91	0	1	0	6027	1	6029	0	18	+	24053838	18	-	24054083
92	0	1	1	5903	0	5903	1	19	-	20624133	19	+	20626066
93	0	1	1	5904	1	5905	1	19	+	20680071	19	+	20681254
94	0	0	0	5906	1	5908	0	19	+	20681799	19	-	20690340
95	0	1	1	78	1	80	0	20	+	38337646	20	-	38337770
96	0	1	0	189	1	192	1	21	+	34123945	21	+	34638172
97	0	0	1	973	1	317	1	3	+	85236505	1	+	6525379
98	0	2	1	990	1	2012	0	3	+	95619064	5	-	152684301
99	0	2	1	2884	1	4254	0	6	+	36060469	11	-	72370758
100	0	2	1	2919	0	2937	0	6	-	51788458	6	-	58778979
101	0	0	0	2944	0	3593	0	6	-	63842204	8	-	70528283
102	0	2	1	2613	1	2616	0	7	+	69385169	7	-	69701700
103	0	1	1	2765	0	2766	0	7	-	140611065	7	-	140655584
104	0	2	1	3688	1	3689	1	8	+	114742942	8	+	114859461
105	0	0	0	1193	1	1195	0	3	+	195341642	3	-	195447798
106	0	1	1	2479	1	2483	1	7	+	5023175	7	+	5770387
107	0	1	1	2481	0	2483	0	7	-	5023713	7	-	5770171
108	0	1	1	4944	0	4945	0	12	-	38048408	12	-	38052569
109	0	1	1	5601	1	5603	0	17	+	42626589	17	-	42705394
110	0	1	1	6106	1	6109	0	18	+	61478810	18	-	61505838
